Year,School,Conference,Coach Name,Previous School / Organization,Previous Position / Role,Search Firm
2016,Arkansas St.,SB,Grant McCasland,Central Michigan,Assistant Coach,
2016,Army,Pat,Jimmy Allen,Army,Associate Head Coach,
2016,Canisius,MAAC,Reggie Witherspoon,Chattanooga,Assistant Coach,
2016,Central Connecticut,NEC,Donyell Marshall,Buffalo,Assistant Coach,
2016,Columbia,Ivy,Jim Engles,NJIT,Head Coach,
2016,Cornell,Ivy,Brian Earl,Princeton,Associate Head Coach,
2016,Dartmouth,Ivy,David McLaughlin,Northeastern,Associate Head Coach,
2016,Delaware,CAA,Martin Ingelsby,Notre Dame,Assistant Coach,
2016,Denver,Sum,Rodney Billups,Colorado,Assistant Coach,
2016,Detroit Mercy,Horz,Bacari Alexander,Michigan,Assistant Coach,
2016,Drake,MVC,Jeff Rutter,Drake,Interim / Assistant Coach,
2016,Drexel,CAA,Zach Spiker,Army,Head Coach,
2016,George Washington,A10,Maurice Joseph,George Washington,Interim / Assistant Coach,
2016,Georgia Tech,ACC,Josh Pastner,Memphis,Head Coach,
2016,Jacksonville St.,OVC,Ray Harper,Western Kentucky,Head Coach,
2016,James Madison,CAA,Louis Rowe,Bowling Green,Assistant Coach,
2016,Little Rock,SB,Wes Flanigan,Little Rock,Associate Head Coach,
2016,Memphis,Amer,Tubby Smith,Texas Tech,Head Coach,
2016,Milwaukee,Horz,LaVall Jordan,Michigan,Assistant Coach,
2016,NJIT,ASun,Brian Kennedy,NJIT,Assistant Coach,
2016,New Mexico St.,WAC,Paul Weir,New Mexico State,Associate Head Coach,
2016,Nicholls St.,Slnd,Richie Riley,Clemson,Assistant Coach,
2016,Northern Colorado,BSky,Jeff Linder,Boise State,Associate Head Coach,
2016,Oklahoma St.,B12,Brad Underwood,Stephen F. Austin,Head Coach,
2016,Pacific,WCC,Damon Stoudamire,Memphis,Assistant Coach,
2016,Pittsburgh,ACC,Kevin Stallings,Vanderbilt,Head Coach,
2016,Portland,WCC,Terry Porter,Minnesota Timberwolves,Former NBA Head Coach / Analyst,
2016,Rutgers,B10,Steve Pikiell,Stony Brook,Head Coach,
2016,SMU,Amer,Tim Jankovich,SMU,Associate / Head Coach in Waiting,
2016,Saint Louis,A10,Travis Ford,Oklahoma State,Head Coach,
2016,San Francisco,WCC,Kyle Smith,Columbia,Head Coach,
2016,Santa Clara,WCC,Herb Sendek,Arizona State,Former Head Coach,
2016,South Dakota St.,Sum,T.J. Otzelberger,Iowa State,Assistant Coach,
2016,Southern Utah,BSky,Todd Simon,UNLV,Interim Head Coach,
2016,Stanford,P12,Jerod Haase,UAB,Head Coach,
2016,Stephen F. Austin,Slnd,Kyle Keller,Texas A&M,Assistant Coach,
2016,Stony Brook,AE,Jeff Boals,Ohio State,Associate Head Coach,
2016,TCU,B12,Jamie Dixon,Pittsburgh,Head Coach,
2016,Tennessee Martin,OVC,Anthony Stewart,Tennessee Martin,Associate Head Coach,
2016,Texas Tech,B12,Chris Beard,UNLV / Little Rock,Head Coach,
2016,Tulane,Amer,Mike Dunleavy,LA Clippers,Former NBA Head Coach,
2016,UAB,CUSA,Rob Ehsan,UAB,Associate Head Coach,
2016,UCF,Amer,Johnny Dawkins,Stanford,Head Coach,
2016,UMBC,AE,Ryan Odom,Lenoir–Rhyne,Head Coach,
2016,UNLV,MWC,Marvin Menzies,New Mexico State,Head Coach,
2016,UT Rio Grande Valley,WAC,Lew Hill,Oklahoma,Associate Head Coach,
2016,UTSA,CUSA,Steve Henson,Oklahoma,Assistant Coach,
2016,Valparaiso,Horz,Matt Lottich,Valparaiso,Assistant Coach,
2016,Vanderbilt,SEC,Bryce Drew,Valparaiso,Head Coach,
2016,Western Kentucky,CUSA,Rick Stansbury,Texas A&M,Associate Head Coach / Former HC,
2016,Wright St.,Horz,Scott Nagy,South Dakota State,Head Coach,
2016,Wyoming,MWC,Allen Edwards,Wyoming,Associate Head Coach,
2017,Akron,MAC,John Groce,Illinois,Head Coach,
2017,Alabama A&M,SWAC,Donnie Marsh,South Florida,Associate Head Coach,
2017,Arkansas St.,SB,Mike Balado,Louisville,Assistant Coach,
2017,Austin Peay,OVC,Matt Figger,South Carolina,Associate Head Coach,
2017,Bethune Cookman,MEAC,Ryan Ridder,Daytona State College,Head Coach (JUCO),
2017,Butler,BE,LaVall Jordan,Milwaukee,Head Coach,
2017,California,P12,Wyking Jones,California,Assistant Coach,
2017,Chattanooga,SC,Lamont Paris,Wisconsin,Assistant Coach,
2017,Cleveland St.,Horz,Dennis Felton,Tulsa,Associate Head Coach / Former HC,
2017,Coppin St.,MEAC,Juan Dixon,District of Columbia (Women's),Head Coach,
2017,Dayton,A10,Anthony Grant,Oklahoma City Thunder,NBA Assistant Coach,
2017,Drake,MVC,Niko Medved,Furman,Head Coach,
2017,Duquesne,A10,Keith Dambrot,Akron,Head Coach,
2017,Eastern Washington,BSky,Shantay Legans,Eastern Washington,Associate Head Coach,
2017,Florida A&M,MEAC,Robert McCullum,Georgia Tech,Assistant Coach / Former HC,
2017,Furman,SC,Bob Richey,Furman,Interim / Assistant Coach,
2017,Georgetown,BE,Patrick Ewing,Charlotte Hornets,Associate Head Coach (NBA),
2017,Grambling St.,SWAC,Donte Jackson,Stillman College,Head Coach (NAIA/D-II),
2017,Illinois,B10,Brad Underwood,Oklahoma State,Head Coach,
2017,Indiana,B10,Archie Miller,Dayton,Head Coach,
2017,LIU,NEC,Derek Kellogg,Massachusetts,Head Coach,
2017,LSU,SEC,Will Wade,VCU,Head Coach,
2017,Louisville,ACC,David Padgett,Louisville,Interim Head Coach,
2017,Massachusetts,A10,Matt McCall,Chattanooga,Head Coach,
2017,Miami OH,MAC,Jack Owens,Purdue,Associate Head Coach,
2017,Milwaukee,Horz,Pat Baldwin,Northwestern,Assistant Coach,
2017,Missouri,SEC,Cuonzo Martin,California,Head Coach,
2017,Morehead St.,OVC,Preston Spradlin,Morehead State,Interim Head Coach,
2017,N.C. State,ACC,Kevin Keatts,UNC Wilmington,Head Coach,
2017,New Mexico,MWC,Paul Weir,New Mexico State,Head Coach,
2017,New Mexico St.,WAC,Chris Jans,Bowling Green,Former Head Coach / JUCO HC,
2017,North Texas,CUSA,Grant McCasland,Arkansas State,Head Coach,
2017,Ohio St.,B10,Chris Holtmann,Butler,Head Coach,
2017,Oklahoma St.,B12,Mike Boynton,Oklahoma State,Assistant Coach,
2017,Oral Roberts,Sum,Paul Mills,Baylor,Assistant Coach,
2017,Portland St.,BSky,Barret Peery,Santa Clara,Associate Head Coach,
2017,Presbyterian,BSth,Dustin Kerns,Wofford,Associate Head Coach,
2017,Quinnipiac,MAAC,Baker Dunleavy,Villanova,Associate Head Coach,DHR Global
2017,Rice,CUSA,Scott Pera,Rice,Associate Head Coach,
2017,San Diego St.,MWC,Brian Dutcher,San Diego State,Associate Head Coach / Head Coach in Waiting,
2017,San Jose St.,MWC,Jean Prioleau,Colorado,Associate Head Coach,
2017,Seattle,WAC,Jim Hayford,Eastern Washington,Head Coach,
2017,South Florida,Amer,Brian Gregory,Michigan State,Consultant / Former Georgia HC,
2017,Southern,SWAC,Morris Scott,Southeastern Louisiana,Assistant Coach,
2017,UC Santa Barbara,BW,Joe Pasternack,Arizona,Associate Head Coach,
2017,UNC Wilmington,CAA,C.B. McGrath,North Carolina,Assistant Coach,
2017,USC Upstate,ASun,Kyle Perry,USC Upstate,Interim / Assistant Coach,
2017,VCU,A10,Mike Rhoades,Rice,Head Coach,
2017,Washington,P12,Mike Hopkins,Syracuse,Associate Head Coach,
2017,Youngstown St.,Horz,Jerrod Calhoun,Fairmont State,Head Coach (D-II),
2018,Alabama A&M,SWAC,Dylan Howart,Alabama A&M,Associate Head Coach,
2018,Bryant,NEC,Jared Grasso,Iona,Associate Head Coach,
2018,Cal Baptist,WAC,Rick Croy,Cal Baptist,Head Coach (Transition to D1),
2018,Cal St. Northridge,BW,Mark Gottfried,NC State,Former Head Coach,
2018,Charlotte,CUSA,Ron Sanchez,Virginia,Associate Head Coach,
2018,Chicago St.,WAC,Lance Irvin,DePaul,Assistant Coach,
2018,Colorado St.,MWC,Niko Medved,Drake,Head Coach,
2018,Connecticut,Amer,Dan Hurley,Rhode Island,Head Coach,
2018,Delaware St.,MEAC,Eric Skeeters,UMBC,Assistant Coach,
2018,Detroit Mercy,Horz,Mike Davis,Texas Southern,Head Coach,
2018,Drake,MVC,Darian DeVries,Creighton,Assistant Coach,
2018,East Carolina,Amer,Joe Dooley,Florida Gulf Coast,Head Coach,
2018,Eastern Kentucky,OVC,A.W. Hamilton,NC State,Assistant Coach,
2018,Evansville,MVC,Walter McCarty,Boston Celtics,NBA Assistant Coach,
2018,FIU,CUSA,Jeremy Ballard,VCU,Associate Head Coach,
2018,Florida Atlantic,CUSA,Dusty May,Florida,Assistant Coach,
2018,Florida Gulf Coast,ASun,Michael Fly,Florida Gulf Coast,Assistant Coach,
2018,Fresno St.,MWC,Justin Hutson,San Diego State,Associate Head Coach,
2018,Georgia,SEC,Tom Crean,Indiana,Former Head Coach / Analyst,
2018,High Point,BSth,Tubby Smith,Memphis,Former Head Coach,
2018,Incarnate Word,Slnd,Carson Cunningham,Carroll College,Head Coach (NAIA),
2018,La Salle,A10,Ashley Howard,Villanova,Assistant Coach,
2018,Little Rock,SB,Darrell Walker,Clark Atlanta,Head Coach (D-II),
2018,Longwood,BSth,Griff Aldrich,UMBC,Director of Basketball Operations,
2018,Louisville,ACC,Chris Mack,Xavier,Head Coach,
2018,Loyola MD,Pat,Tavaras Hardy,Georgia Tech,Assistant Coach,
2018,Maine,AE,Richard Barron,Maine,Head Coach (Women's Program),
2018,Marist,MAAC,John Dunne,Saint Peter's,Head Coach,
2018,Maryland Eastern Shore,MEAC,Clifford Reed,Maryland Eastern Shore,Interim / Assistant Coach,
2018,McNeese St.,Slnd,Heath Schroyer,BYU,Assistant Coach / Former HC,
2018,Memphis,Amer,Penny Hardaway,East High School / AAU,High School / AAU Head Coach,
2018,Middle Tennessee,CUSA,Nicholas McDevitt,UNC Asheville,Head Coach,
2018,Mississippi,SEC,Kermit Davis,Middle Tennessee,Head Coach,
2018,Missouri St.,MVC,Dana Ford,Tennessee State,Head Coach,
2018,Mount St. Mary's,NEC,Dan Engelstad,Southern Maryland,Head Coach (D-III),
2018,Nicholls St.,Slnd,Austin Claunch,Nicholls State,Assistant Coach,
2018,North Alabama,ASun,Tony Pujol,Wyoming,Assistant Coach,
2018,Pepperdine,WCC,Lorenzo Romar,Arizona,Associate Head Coach / Former HC,
2018,Pittsburgh,ACC,Jeff Capel,Duke,Associate Head Coach,
2018,Rhode Island,A10,David Cox,Rhode Island,Associate Head Coach,
2018,Saint Peter's,MAAC,Shaheen Holloway,Seton Hall,Associate Head Coach,
2018,San Diego,WCC,Sam Scholl,San Diego,Interim / Assistant Coach,
2018,Siena,MAAC,Jamion Christian,Mount St. Mary's,Head Coach,
2018,South Alabama,SB,Richie Riley,Nicholls State,Head Coach,
2018,South Dakota,Sum,Todd Lee,Wisconsin,Assistant Coach,
2018,Southern,SWAC,Sean Woods,Stetson,Assistant Coach / Former Morehead HC,
2018,Tennessee St.,OVC,Brian Collins,East Tennessee State,Assistant Coach,
2018,Texas Southern,SWAC,Johnny Jones,Nevada,Associate Head Coach / Former LSU HC,
2018,UC Riverside,BW,David Patrick,TCU,Assistant Coach,
2018,UCLA,P12,Murry Bartow,UCLA,Interim Head Coach,
2018,UNC Asheville,BSth,Mike Morrell,Texas,Assistant Coach,
2018,USC Upstate,BSth,Dave Dickerson,Ohio State,Associate Head Coach,
2018,UT Arlington,SB,Chris Ogden,Texas Tech,Assistant Coach,
2018,UTEP,CUSA,Rodney Terry,Fresno State,Head Coach,
2018,Utah St.,MWC,Craig Smith,South Dakota,Head Coach,
2018,Western Carolina,SC,Mark Prosser,Winthrop,Associate Head Coach,
2018,Xavier,BE,Travis Steele,Xavier,Associate Head Coach,
2019,Alabama,SEC,Nate Oats,Buffalo,Head Coach,
2019,Appalachian St.,SB,Dustin Kerns,Presbyterian,Head Coach,
2019,Arkansas,SEC,Eric Musselman,Nevada,Head Coach,
2019,BYU,WCC,Mark Pope,Utah Valley,Head Coach,
2019,Belmont,OVC,Casey Alexander,Lipscomb,Head Coach,
2019,Buffalo,MAC,Jim Whitesell,Buffalo,Associate Head Coach,
2019,Cal Poly,BW,John Smith,Cal State Fullerton,Associate Head Coach,
2019,California,P12,Mark Fox,Georgia,Former Head Coach,
2019,Cincinnati,Amer,John Brannen,Northern Kentucky,Head Coach,
2019,Cleveland St.,Horz,Dennis Gates,Florida State,Assistant Coach,
2019,Elon,CAA,Mike Schrage,Ohio State,Assistant Coach,
2019,Evansville,MVC,Todd Lickliter,Evansville / Iowa,Assistant Coach / Former HC,
2019,Fairfield,MAAC,Jay Young,Rutgers,Assistant Coach,
2019,George Washington,A10,Jamion Christian,Siena,Head Coach,
2019,Georgia St.,SB,Rob Lanier,Tennessee,Associate Head Coach,
2019,Holy Cross,Pat,Brett Nelson,Marquette,Associate Head Coach,
2019,Howard,MEAC,Kenny Blakeney,Columbia,Assistant Coach,
2019,IU Indy (IUPUI),Horz,Byron Rimm,IUPUI,Interim Head Coach,
2019,Idaho,BSky,Zac Claus,Idaho,Interim / Assistant Coach,
2019,Idaho St.,BSky,Ryan Looney,Point Loma Nazarene,Head Coach (D-II),
2019,Kennesaw St.,ASun,Amir Abdur-Rahim,Georgia,Assistant Coach,
2019,Lipscomb,ASun,Lennie Acuff,Alabama Huntsville,Head Coach (D-II),
2019,Maryland Eastern Shore,MEAC,Jason Crafton,Philadelphia 76ers (G League),Assistant Coach,
2019,Mercer,SC,Greg Gary,Purdue,Assistant Coach,
2019,Merrimack,NEC,Joe Gallo,Merrimack,Head Coach (Transition to D1),
2019,Michigan,B10,Juwan Howard,Miami Heat,NBA Assistant Coach,
2019,Mississippi Valley St.,SWAC,Lindsey Hunter,Buffalo Bulls / NBA,Assistant Coach / Former NBA Interim HC,
2019,Montana St.,BSky,Danny Sprinkle,Cal State Fullerton,Assistant Coach,
2019,Morgan St.,MEAC,Kevin Broadus,Maryland,Assistant Coach,
2019,Nebraska,B10,Fred Hoiberg,Chicago Bulls,Former NBA / Iowa State Head Coach,
2019,Nevada,MWC,Steve Alford,UCLA,Former Head Coach,
2019,Niagara,MAAC,Greg Paulus,Louisville / Ohio State,Assistant Coach,
2019,North Carolina A&T,MEAC,Will Jones,North Carolina A&T,Interim Head Coach,
2019,North Dakota,Sum,Paul Sather,Northern State,Head Coach (D-II),
2019,Northern Arizona,BSky,Shane Burcar,Northern Arizona,Interim Head Coach,
2019,Northern Kentucky,Horz,Darrin Horn,Texas,Associate Head Coach / Former HC,
2019,Ohio,MAC,Jeff Boals,Stony Brook,Head Coach,
2019,Presbyterian,BSth,Quinton Ferrell,College of Charleston,Assistant Coach,
2019,SIU Edwardsville,OVC,Brian Barone,SIU Edwardsville,Assistant Coach,
2019,Saint Joseph's,A10,Billy Lange,Philadelphia 76ers,NBA Assistant Coach,
2019,San Francisco,WCC,Todd Golden,San Francisco,Associate Head Coach,
2019,Siena,MAAC,Carmen Marciariello,Siena,Assistant Coach,
2019,South Dakota St.,Sum,Eric Henderson,South Dakota State,Assistant Coach,
2019,Southeastern Louisiana,Slnd,David Kiefer,Southeastern Louisiana,Assistant Coach,
2019,Southern Illinois,MVC,Bryan Mullins,Loyola Chicago,Associate Head Coach,
2019,Southern Miss,CUSA,Jay Ladner,Southeastern Louisiana,Head Coach,
2019,St. John's,BE,Mike Anderson,Arkansas,Head Coach,
2019,Stetson,ASun,Donnie Jones,Dayton,Assistant Coach / Former UCF HC,
2019,Stony Brook,AE,Geno Ford,Stony Brook,Associate Head Coach / Former HC,
2019,Temple,Amer,Aaron McKie,Temple,Associate Head Coach,
2019,Tennessee Tech,OVC,John Pelphrey,Alabama,Associate Head Coach / Former HC,
2019,Texas A&M,SEC,Buzz Williams,Virginia Tech,Head Coach,
2019,Troy,SB,Scott Cross,TCU,Assistant Coach / Former UT Arlington HC,
2019,Tulane,Amer,Ron Hunter,Georgia State,Head Coach,
2019,UCLA,P12,Mick Cronin,Cincinnati,Head Coach,
2019,UMKC,WAC,Billy Donlon,Northwestern,Assistant Coach / Former Wright St HC,
2019,UNLV,MWC,T.J. Otzelberger,South Dakota State,Head Coach,
2019,Utah Valley,WAC,Mark Madsen,Los Angeles Lakers,NBA Assistant Coach,
2019,Vanderbilt,SEC,Jerry Stackhouse,Memphis Grizzlies,NBA Assistant Coach,
2019,Virginia Tech,ACC,Mike Young,Wofford,Head Coach,
2019,Washington St.,P12,Kyle Smith,San Francisco,Head Coach,
2019,William & Mary,CAA,Dane Fischer,George Mason,Assistant Coach,
2019,Wofford,SC,Jay McAuley,Wofford,Associate Head Coach,
2020,Air Force,MWC,Joe Scott,Denver / Air Force,Former Head Coach / Assistant,
2020,Alabama St.,SWAC,Mo Williams,Cal State Northridge,Assistant Coach,
2020,Alcorn St.,SWAC,Landon Bussie,Prairie View A&M,Assistant Coach,
2020,Bellarmine,ASun,Scott Davenport,Bellarmine,Head Coach (Transition to D1),
2020,Central Arkansas,Slnd,Anthony Boone,Central Arkansas,Interim Head Coach,
2020,East Tennessee St.,SC,Jason Shay,East Tennessee State,Associate Head Coach,
2020,Georgia Southern,SB,Brian Burg,Texas Tech,Assistant Coach,
2020,Grand Canyon,WAC,Bryce Drew,Vanderbilt / Valparaiso,Former Head Coach,
2020,Green Bay,Horz,Will Ryan,Wheeling,Head Coach (D-II),
2020,Hofstra,CAA,Mike Farrelly,Hofstra,Acting Head Coach / Associate HC,
2020,Illinois Chicago,Horz,Luke Yaklich,Texas,Associate Head Coach,
2020,Iona,MAAC,Rick Pitino,Panathinaikos / Louisville,Head Coach,
2020,James Madison,CAA,Mark Byington,Georgia Southern,Head Coach,
2020,Loyola Marymount,WCC,Stan Johnson,Marquette,Associate Head Coach,
2020,Northern Colorado,BSky,Steve Smiley,Northern Colorado,Associate Head Coach,
2020,Northern Illinois,MAC,Lamar Chapman,Northern Illinois,Associate Head Coach,
2020,Penn St.,B10,Jim Ferry,Penn State,Interim Head Coach,
2020,Samford,SC,Bucky McMillan,Mountain Brook HS,High School Head Coach,
2020,Southeast Missouri St.,OVC,Brad Korn,Kansas State,Assistant Coach,
2020,Tarleton St.,WAC,Billy Gillespie,Ranger College / Texas A&M,Head Coach (JUCO / D-1),
2020,Tennessee Martin,OVC,Montez Robinson,Alcorn State,Former Head Coach,
2020,Texas St.,SB,Terrence Johnson,Texas State,Interim / Assistant Coach,
2020,UAB,CUSA,Andy Kennedy,SEC Network / Ole Miss,Analyst / Former Head Coach,
2020,UC Riverside,BW,Mike Magpayo,UC Riverside,Associate / Acting Head Coach,
2020,UC San Diego,BW,Eric Olen,UC San Diego,Head Coach (Transition to D1),
2020,UNC Wilmington,CAA,Takayo Siddle,NC State,Assistant Coach,
2020,Utah Tech,WAC,Jon Judkins,Utah Tech,Head Coach (Transition to D1),
2020,Wake Forest,ACC,Steve Forbes,East Tennessee State,Head Coach,
2020,Western Illinois,Sum,Rob Jeter,Minnesota / Milwaukee,Assistant Coach / Former HC,
2020,Western Michigan,MAC,Clayton Bates,Western Michigan,Associate Head Coach,
2020,Wichita St.,Amer,Isaac Brown,Wichita State,Interim / Assistant Coach,
2020,Wyoming,MWC,Jeff Linder,Northern Colorado,Head Coach,
2021,Abilene Christian,WAC,Brette Tanner,Abilene Christian,Associate Head Coach,
2021,Albany,AE,Dwayne Killings,Marquette,Associate Head Coach,
2021,Arizona,P12,Tommy Lloyd,Gonzaga,Assistant Coach,
2021,Arkansas Pine Bluff,SWAC,Solomon Bozeman,Oral Roberts,Assistant Coach,
2021,Austin Peay,OVC,Nate James,Duke,Associate Head Coach,
2021,Bethune Cookman,SWAC,Reggie Theus,Kaiser Autism / High School,Head Coach (Former NBA/College HC),
2021,Binghamton,AE,Levell Sanders,Binghamton,Assistant / Interim Head Coach,
2021,Boston College,ACC,Earl Grant,Charleston,Head Coach,
2021,Central Connecticut,NEC,Patrick Sellers,Fairfield,Assistant Coach,
2021,Central Michigan,MAC,Tony Barbee,Kentucky,Associate Head Coach,
2021,Charleston,CAA,Pat Kelsey,Winthrop,Head Coach,
2021,Chicago St.,WAC,Gerald Gillian,Chicago State,Assistant Coach,
2021,Cincinnati,Amer,Wes Miller,UNC Greensboro,Head Coach,
2021,DePaul,BE,Tony Stubblefield,Oregon,Associate Head Coach,
2021,Delaware St.,MEAC,Stan Waterman,Sanford School,High School Head Coach,
2021,Denver,Sum,Jeff Wulbrun,Stanford,Associate Head Coach,
2021,East Tennessee St.,SC,Desmond Oliver,Tennessee,Assistant Coach,
2021,Eastern Illinois,OVC,Marty Simmons,Clemson,Special Assistant to HC,
2021,Eastern Michigan,MAC,Stan Heath,Lakeland Magic,NBA G League Head Coach,
2021,Eastern Washington,BSky,David Riley,Eastern Washington,Associate Head Coach,
2021,Fordham,A10,Kyle Neptune,Villanova,Assistant Coach,
2021,George Mason,A10,Kim English,Tennessee,Assistant Coach,
2021,Hofstra,CAA,Speedy Claxton,Hofstra,Assistant Coach,
2021,IU Indy (IUPUI),Horz,Matt Crenshaw,Ball State,Assistant Coach,
2021,Indiana,B10,Mike Woodson,New York Knicks,NBA Assistant Coach,
2021,Indiana St.,MVC,Josh Schertz,Lincoln Memorial,Head Coach (D-II),
2021,Iowa St.,B12,T.J. Otzelberger,UNLV,Head Coach,
2021,Jacksonville,ASun,Jordan Mincy,Florida,Assistant Coach,
2021,Lamar,WAC,Alvin Brooks,Houston,Associate Head Coach,
2021,Loyola Chicago,MVC,Drew Valentine,Loyola Chicago,Assistant Coach,
2021,Marquette,BE,Shaka Smart,Texas,Head Coach,
2021,Maryland,B10,Danny Manning,Maryland,Interim Head Coach,
2021,McNeese St.,Slnd,John Aiken,McNeese State,Associate Head Coach,
2021,Minnesota,B10,Ben Johnson,Xavier,Assistant Coach,
2021,New Mexico,MWC,Richard Pitino,Minnesota,Head Coach,
2021,North Carolina,ACC,Hubert Davis,North Carolina,Assistant Coach,
2021,Northern Illinois,MAC,Rashon Burno,Arizona State,Associate Head Coach,
2021,Oklahoma,B12,Porter Moser,Loyola Chicago,Head Coach,
2021,Pacific,WCC,Leonard Perry,Pacific,Associate Head Coach,
2021,Penn St.,B10,Micah Shrewsberry,Purdue,Associate Head Coach,
2021,Portland,WCC,Shantay Legans,Eastern Washington,Head Coach,
2021,Portland St.,BSky,Jase Coburn,Portland State,Associate Head Coach,
2021,Radford,BSth,Darris Nichols,Florida,Assistant Coach,
2021,Sacramento St.,BSky,Brandon Laird,Sacramento State,Associate Head Coach,
2021,San Jose St.,MWC,Tim Miles,Nebraska / BTN,Former Head Coach / Analyst,
2021,Seattle,WAC,Chris Victor,Seattle,Associate Head Coach,
2021,South Carolina St.,MEAC,Tony Madlock,Memphis,Assistant Coach,
2021,St. Thomas,Sum,Johnny Tauer,St. Thomas,Head Coach (Transitioned to D1),
2021,Tennessee Martin,OVC,Ryan Ridder,Bethune-Cookman,Head Coach,
2021,Texas,B12,Chris Beard,Texas Tech,Head Coach,
2021,Texas A&M Corpus Christi,Slnd,Steve Lutz,Purdue,Assistant Coach,
2021,Texas Tech,B12,Mark Adams,Texas Tech,Associate Head Coach,
2021,UMBC,AE,Jim Ferry,Penn State,Interim Head Coach,
2021,UNC Greensboro,SC,Mike Jones,Radford,Head Coach,
2021,UNLV,MWC,Kevin Kruger,UNLV,Assistant Coach,
2021,UT Arlington,SB,Greg Young,UT Arlington,Associate Head Coach,
2021,UT Rio Grande Valley,WAC,Matt Figger,Austin Peay,Head Coach,
2021,UTEP,CUSA,Joe Golding,Abilene Christian,Head Coach,
2021,Utah,P12,Craig Smith,Utah State,Head Coach,
2021,Utah St.,MWC,Ryan Odom,UMBC,Head Coach,
2021,Western Carolina,SC,Justin Gray,Winthrop,Assistant Coach,
2021,Winthrop,BSth,Mark Prosser,Western Carolina,Head Coach,
2022,Alabama A&M,SWAC,Otis Hughley Jr.,Alabama A&M,Head Coach (Women's / International),
2022,Alabama St.,SWAC,Tony Madlock,South Carolina State,Head Coach,
2022,Ball St.,MAC,Mike Lewis,UCLA,Assistant Coach,
2022,Butler,BE,Thad Matta,Indiana,Associate AD / Former Ohio State HC,
2022,Cal St. Northridge,BW,Trent Johnson,CSUN,Interim Head Coach,
2022,Chattanooga,SC,Dan Earl,VMI,Head Coach,
2022,Cleveland St.,Horz,Daniyal Robinson,Iowa State,Assistant Coach,
2022,Davidson,A10,Matt McKillop,Davidson,Associate Head Coach,
2022,Duke,ACC,Jon Scheyer,Duke,Associate Head Coach / Head Coach in Waiting,
2022,East Carolina,Amer,Mike Schwartz,Tennessee,Associate Head Coach,
2022,East Texas A&M (TAMU Commerce),Slnd,Jaret von Rosenberg,East Texas A&M,Head Coach (Transition to D1),
2022,Elon,CAA,Billy Taylor,Iowa,Assistant Coach,
2022,Evansville,MVC,David Ragland,Butler,Assistant Coach,
2022,Fairleigh Dickinson,NEC,Tobin Anderson,St. Thomas Aquinas,Head Coach (D-II),
2022,Florida,SEC,Todd Golden,San Francisco,Head Coach,
2022,Florida Gulf Coast,ASun,Patrick Chambers,La Salle,Assistant Coach / Former Penn State HC,
2022,Fordham,A10,Keith Urgo,Fordham,Associate Head Coach,
2022,George Washington,A10,Chris Caputo,Miami (FL),Associate Head Coach,
2022,Georgia,SEC,Michael White,Florida,Head Coach,
2022,Georgia St.,SB,Jonas Hayes,Xavier,Interim Head Coach,
2022,High Point,BSth,G.G. Smith,High Point,Associate Head Coach,
2022,Illinois St.,MVC,Ryan Pedon,Ohio State,Assistant Coach,
2022,Jackson St.,SWAC,Mo Williams,Alabama State,Head Coach,
2022,Kansas St.,B12,Jerome Tang,Baylor,Associate Head Coach,
2022,LIU,NEC,Rod Strickland,NBA G League Ignite,Program Director,
2022,LSU,SEC,Matt McMahon,Murray State,Head Coach,
2022,La Salle,A10,Fran Dunphy,Temple,Former Head Coach / AD,
2022,Lafayette,Pat,Mike Jordan,Colgate,Assistant Coach,
2022,Lindenwood,OVC,Kyle Gerdeman,Lindenwood,Head Coach (Transition to D1),
2022,Louisiana Tech,CUSA,Talvin Hester,Texas Tech,Assistant Coach,
2022,Louisville,ACC,Kenny Payne,New York Knicks,NBA Assistant Coach,
2022,Maine,AE,Chris Markwood,Boston College,Assistant Coach,
2022,Manhattan,MAAC,RaShawn Stores,Manhattan,Interim Head Coach,
2022,Maryland,B10,Kevin Willard,Seton Hall,Head Coach,
2022,Massachusetts,A10,Frank Martin,South Carolina,Head Coach,
2022,Miami OH,MAC,Travis Steele,Xavier,Head Coach,
2022,Milwaukee,Horz,Bart Lundy,Queens (NC),Head Coach (D-II),
2022,Mississippi St.,SEC,Chris Jans,New Mexico State,Head Coach,
2022,Mississippi Valley St.,SWAC,George Ivory,Arkansas-Pine Bluff,Former Head Coach,
2022,Missouri,SEC,Dennis Gates,Cleveland State,Head Coach,
2022,Murray St.,MVC,Steve Prohm,Iowa State,Former Head Coach,
2022,Nebraska Omaha,Sum,Chris Crutchfield,Oregon,Assistant Coach,
2022,New Mexico St.,WAC,Greg Heiar,Northwest Florida State,Head Coach (JUCO),
2022,North Carolina A&T,CAA,Phillip Shumpert,North Carolina A&T,Interim Head Coach,
2022,Northwestern St.,Slnd,Corey Gipson,Missouri State,Associate Head Coach,
2022,Queens,ASun,Grant Leonard,Queens,Head Coach (Transition to D1),
2022,Rhode Island,A10,Archie Miller,Indiana,Former Head Coach,
2022,SMU,Amer,Rob Lanier,Georgia State,Head Coach,
2022,Sacramento St.,BSky,David Patrick,Oklahoma,Associate Head Coach,
2022,Saint Peter's,MAAC,Bashir Mason,Wagner,Head Coach,
2022,San Diego,WCC,Steve Lavin,Fox Sports / St. John's,Analyst / Former Head Coach,
2022,San Francisco,WCC,Chris Gerlufsen,San Francisco,Associate Head Coach,
2022,Seton Hall,BE,Shaheen Holloway,Saint Peter's,Head Coach,
2022,South Carolina,SEC,Lamont Paris,Chattanooga,Head Coach,
2022,South Carolina St.,MEAC,Erik Martin,West Virginia,Assistant Coach,
2022,South Dakota,Sum,Eric Peterson,Utah,Assistant Coach,
2022,Southern Indiana,OVC,Stan Gouard,Southern Indiana,Head Coach (Transition to D1),
2022,Stonehill,NEC,Chris Kraus,Stonehill,Head Coach (Transition to D1),
2022,Texas,B12,Rodney Terry,Texas,Interim Head Coach / Associate Head Coach,
2022,The Citadel,SC,Ed Conroy,Vanderbilt,Assistant Coach / Former The Citadel HC,
2022,Tulsa,Amer,Eric Konkol,Louisiana Tech,Head Coach,
2022,UMKC,Sum,Marvin Menzies,UNLV / Grand Canyon,Former Head Coach,
2022,VMI,SC,Andrew Wilson,Georgia Southern,Assistant Coach,
2022,Villanova,BE,Kyle Neptune,Fordham,Head Coach,
2022,Wagner,NEC,Donald Copeland,Seton Hall,Assistant Coach,
2022,Weber St.,BSky,Eric Duft,Weber State,Associate Head Coach,
2022,Western Michigan,MAC,Dwayne Stephens,Michigan State,Associate Head Coach,
2022,Wofford,SC,Dwight Perry,Wofford,Interim Head Coach,
2022,Xavier,BE,Sean Miller,Arizona,Former Head Coach,
2023,American,Pat,Duane Simpkins,George Mason,Assistant Coach,
2023,Arkansas St.,SB,Bryan Hodgson,Alabama,Lead Assistant Coach,
2023,Army,Pat,Kevin Kuwik,Butler,Assistant Coach,
2023,Austin Peay,ASun,Corey Gipson,Northwestern State,Head Coach,
2023,Bowling Green,MAC,Todd Simon,Southern Utah,Head Coach,
2023,Bryant,AE,Phil Martelli Jr.,Bryant,Associate Head Coach,
2023,Bucknell,Pat,John Griffin,Saint Joseph's,Associate Head Coach,
2023,Buffalo,MAC,George Halcovage,Villanova,Associate Head Coach,
2023,Cal St. Northridge,BW,Andy Newman,Cal State San Bernardino,Head Coach (D-II),
2023,California,P12,Mark Madsen,Utah Valley,Head Coach,
2023,Charleston Southern,BSth,Saah Nimley,Charleston Southern,Interim Head Coach / Assistant,
2023,Charlotte,Amer,Aaron Fearne,Charlotte,Interim Head Coach / Associate HC,
2023,Coastal Carolina,SB,Benny Moss,Coastal Carolina,Interim Head Coach / Associate HC,
2023,Coppin St.,MEAC,Larry Stewart,Maryland Eastern Shore,Associate Head Coach,
2023,East Tennessee St.,SC,Brooks Savage,Wake Forest,Assistant Coach,
2023,Fairfield,MAAC,Chris Casey,Fairfield,Interim Head Coach / Assistant,
2023,Fairleigh Dickinson,NEC,Jack Castleberry,Fairleigh Dickinson,Assistant Coach,
2023,George Mason,A10,Tony Skinn,Maryland,Assistant Coach,
2023,Georgetown,BE,Ed Cooley,Providence,Head Coach,
2023,Georgia Southern,SB,Charlie Henry,Alabama,Assistant Coach,
2023,Georgia Tech,ACC,Damon Stoudamire,Boston Celtics,NBA Assistant Coach,
2023,Green Bay,Horz,Sundance Wicks,Wyoming,Assistant Coach,
2023,High Point,BSth,Alan Huss,Creighton,Assistant Coach,
2023,Holy Cross,Pat,Dave Paulsen,Fordham,Consultant / Former George Mason HC,
2023,Idaho,BSky,Alex Pribble,Seattle University,Associate Head Coach,
2023,Incarnate Word,Slnd,Shane Heirman,Central Michigan,Associate Head Coach,
2023,Iona,MAAC,Tobin Anderson,Fairleigh Dickinson,Head Coach,
2023,Kennesaw St.,ASun,Antoine Pettway,Alabama,Assistant Coach,
2023,Lafayette,Pat,Mike McGarvey,Lafayette,Interim Head Coach / Associate HC,
2023,Le Moyne,NEC,Nate Champion,Le Moyne,Head Coach (Transition to D1),
2023,Manhattan,MAAC,John Gallagher,Hartford,Head Coach,
2023,McNeese St.,Slnd,Will Wade,LSU,Former Head Coach,
2023,Mississippi,SEC,Chris Beard,Texas,Former Head Coach,
2023,Montana St.,BSky,Matt Logie,Point Loma Nazarene,Head Coach (D-II),
2023,NJIT,AE,Grant Billmeier,Maryland,Assistant Coach,
2023,New Hampshire,AE,Nathan Davis,Bucknell,Head Coach,DHR Global
2023,New Mexico St.,CUSA,Jason Hooten,Sam Houston State,Head Coach,
2023,Nicholls St.,Slnd,Tevon Saddler,Maryland,Director of Player Personnel,
2023,North Carolina A&T,CAA,Monte Ross,Temple,Assistant Coach / Former Delaware HC,
2023,North Texas,Amer,Ross Hodge,North Texas,Associate Head Coach,
2023,Northwestern St.,Slnd,Rick Cabrera,Tallahassee CC,Head Coach (JUCO),
2023,Notre Dame,ACC,Micah Shrewsberry,Penn State,Head Coach,
2023,Oral Roberts,Sum,Russell Springmann,Oral Roberts,Associate Head Coach,
2023,Penn St.,B10,Mike Rhoades,VCU,Head Coach,
2023,Providence,BE,Kim English,George Mason,Head Coach,
2023,Quinnipiac,MAAC,Tom Pecora,Quinnipiac,Associate Head Coach,
2023,Sam Houston St.,CUSA,Chris Mudge,Sam Houston State,Associate Head Coach,
2023,South Florida,Amer,Amir Abdur-Rahim,Kennesaw State,Head Coach,
2023,Southern,SWAC,Kevin Johnson,Tulane,Assistant Coach,
2023,Southern Utah,WAC,Rob Jeter,Western Illinois,Head Coach,
2023,St. John's,BE,Rick Pitino,Iona,Head Coach,
2023,Syracuse,ACC,Adrian Autry,Syracuse,Associate Head Coach,
2023,Temple,Amer,Adam Fisher,Penn State,Associate Head Coach,
2023,Texas A&M Corpus Christi,Slnd,Jim Shaw,Texas A&M Corpus Christi,Associate Head Coach,
2023,Texas Tech,B12,Grant McCasland,North Texas,Head Coach,
2023,UT Arlington,WAC,KT Turner,Kentucky,Assistant Coach,
2023,Utah St.,MWC,Danny Sprinkle,Montana State,Head Coach,
2023,Utah Valley,WAC,Todd Phillips,Utah Valley,Associate Head Coach,
2023,VCU,A10,Ryan Odom,Utah State,Head Coach,
2023,Valparaiso,MVC,Roger Powell Jr.,Gonzaga,Assistant Coach,
2023,West Virginia,B12,Josh Eilert,West Virginia,Interim Head Coach,
2023,Western Illinois,OVC,Chad Boudreau,Western Illinois,Interim Head Coach / Assistant,
2023,Western Kentucky,CUSA,Steve Lutz,Texas A&M Corpus Christi,Head Coach,
2023,Wichita St.,Amer,Paul Mills,Oral Roberts,Head Coach,
2024,Arkansas,SEC,John Calipari,Kentucky,Head Coach,
2024,BYU,B12,Kevin Young,Phoenix Suns,Associate Head Coach (NBA),
2024,Cal Poly,BW,Mike DeGeorge,Colorado Mesa,Head Coach (D-II),
2024,Canisius,MAAC,Jim Christian,Kent State / Boston College,Former Head Coach,
2024,Central Arkansas,ASun,John Shulman,Alabama-Huntsville,Head Coach (D-II),
2024,Charleston,CAA,Chris Mack,Louisville / Xavier,Former Head Coach,
2024,Chicago St.,NEC,Scott Spinelli,Chicago State,Assistant / Interim HC,
2024,Coastal Carolina,SB,Justin Gray,Western Carolina,Head Coach,
2024,Cornell,Ivy,Jon Jaques,Cornell,Associate Head Coach,
2024,DePaul,BE,Chris Holtmann,Ohio State,Head Coach,
2024,Detroit Mercy,Horz,Mark Montgomery,Michigan State,Assistant Coach / Former NIU HC,
2024,Drake,MVC,Ben McCollum,Northwest Missouri State,Head Coach (D-II),
2024,Duquesne,A10,Dru Joyce III,Duquesne,Associate Head Coach,
2024,Eastern Washington,BSky,Dan Monson,Long Beach State,Head Coach,
2024,Florida A&M,SWAC,Patrick Crarey II,St. Thomas Aquinas / Washington Adventist,Head Coach,
2024,Florida Atlantic,Amer,John Jakus,Baylor,Associate Head Coach,
2024,Fresno St.,MWC,Vance Walberg,Clovis West HS,High School Head Coach / Former College HC,
2024,Gardner Webb,BSth,Jeremy Luther,Gardner-Webb,Associate Head Coach,
2024,Green Bay,Horz,Doug Gottlieb,FOX Sports / Radio Host,Media Analyst / First-time Head Coach,
2024,Hampton,CAA,Ivan Thomas,Georgetown,Associate Head Coach,
2024,Houston Christian,Slnd,Craig Doty,Emporia State,Head Coach (D-II),
2024,IU Indy (IUPUI),Horz,Paul Corsaro,Indianapolis (UIndy),Head Coach (D-II),
2024,Illinois Chicago,MVC,Rob Ehsan,Stanford,Assistant Coach / Former UAB HC,
2024,Indiana St.,MVC,Matthew Graves,Indiana State,Associate Head Coach,
2024,James Madison,SB,Preston Spradlin,Morehead State,Head Coach,
2024,Kentucky,SEC,Mark Pope,BYU,Head Coach,
2024,Long Beach St.,BW,Chris Acker,San Diego State,Associate Head Coach,
2024,Louisville,ACC,Pat Kelsey,Charleston,Head Coach,
2024,Loyola MD,Pat,Josh Loeffler,Cincinnati,Assistant Coach / Former Johns Hopkins HC,
2024,Marshall,SB,Cornelius Jackson,Marshall,Associate Head Coach,
2024,Maryland Eastern Shore,MEAC,Cleo Hill Jr.,Winston-Salem State,Head Coach (D-II),
2024,Mercer,SC,Ryan Ridder,Tennessee Martin,Head Coach,
2024,Mercyhurst,NEC,Gary Manchel,Mercyhurst,Head Coach (Transition to D1),
2024,Michigan,B10,Dusty May,Florida Atlantic (FAU),Head Coach,
2024,Missouri St.,MVC,Cuonzo Martin,Missouri / Tennessee,Former Head Coach,
2024,Morehead St.,OVC,Jonathan Mattox,Murray State,Assistant Coach,
2024,Mount St. Mary's,MAAC,Donny Lind,UNC Greensboro,Assistant Coach,
2024,New Orleans,Slnd,Stacy Hollowell,Texas Southern,Associate Head Coach / Former Loyola New Orleans HC,
2024,Ohio St.,B10,Jake Diebler,Ohio State,Associate / Interim Head Coach,
2024,Oklahoma St.,B12,Steve Lutz,Western Kentucky,Head Coach,
2024,Old Dominion,SB,Mike K. Jones,Maryland,Assistant Coach / Former DeMatha HC,
2024,Pacific,WCC,Dave Smart,Texas Tech / Carleton,Assistant Coach / Former U Sports HC,
2024,Pepperdine,WCC,Ed Schilling,Grand Canyon,Assistant Coach,
2024,Rice,Amer,Rob Lanier,SMU,Head Coach,
2024,SMU,ACC,Andy Enfield,USC,Head Coach,
2024,Sacramento St.,BSky,Michael Czepil,Sacramento State,Associate Head Coach,
2024,Saint Louis,A10,Josh Schertz,Indiana State,Head Coach,
2024,Siena,MAAC,Gerry McNamara,Syracuse,Associate Head Coach,
2024,South Florida,Amer,Ben Fletcher,South Florida,Interim Head Coach,
2024,Southern Illinois,MVC,Scott Nagy,Wright State,Head Coach,
2024,Stanford,ACC,Kyle Smith,Washington State,Head Coach,
2024,Tennessee Martin,OVC,Jeremy Shulman,Eastern Florida State,Head Coach (JUCO),
2024,USC,B10,Eric Musselman,Arkansas,Head Coach,
2024,USC Upstate,BSth,Marty Richter,Drake,Assistant Coach,
2024,UT Rio Grande Valley,Slnd,Kahil Fennell,BYU,Assistant Coach,
2024,UTSA,Amer,Austin Claunch,Alabama,Assistant Coach / Former Nicholls HC,
2024,Utah St.,MWC,Jerrod Calhoun,Youngstown State,Head Coach,
2024,Vanderbilt,SEC,Mark Byington,James Madison,Head Coach,
2024,Virginia,ACC,Ron Sanchez,Virginia,Associate / Interim Head Coach,
2024,Washington,B10,Danny Sprinkle,Utah State,Head Coach,
2024,Washington St.,WCC,David Riley,Eastern Washington,Head Coach,
2024,West Georgia,ASun,Dave Moore,West Georgia,Head Coach (Transition to D1),
2024,West Virginia,B12,Darian DeVries,Drake,Head Coach,
2024,Western Carolina,SC,Tim Craft,Gardner-Webb,Head Coach,
2024,Western Kentucky,CUSA,Hank Plona,Western Kentucky,Assistant Coach / Former JUCO HC,
2024,William & Mary,CAA,Brian Earl,Cornell,Head Coach,
2024,Wright St.,Horz,Clint Sergent,Wright State,Associate Head Coach,
2024,Wyoming,MWC,Sundance Wicks,Green Bay,Head Coach,
2024,Youngstown St.,Horz,Ethan Faulkner,Youngstown State,Associate Head Coach,
2025,Alabama A&M,SWAC,Donte Jackson,Grambling State,Head Coach,
2025,Alcorn St.,SWAC,Jake Morton,Jackson State / Alcorn State,Assistant Coach,
2025,Arkansas St.,SB,Ryan Pannone,Alabama,NBA / College Assistant Coach,
2025,Auburn,SEC,Steven Pearl,Auburn,Associate Head Coach,
2025,Bellarmine,ASun,Doug Davenport,Bellarmine,Associate Head Coach,
2025,Bryant,AE,Jamion Christian,Siena / George Washington,Former Head Coach,
2025,Cal St. Bakersfield,BW,Mike Scott,Cal State Bakersfield,Associate Head Coach,
2025,Campbell,CAA,John Andrzejek,Florida,Assistant Coach,
2025,Central Michigan,MAC,Andy Bronkema,Ferris State,Head Coach (D-II),
2025,Chicago St.,NEC,Landon Bussie,Alcorn State,Head Coach,
2025,Cleveland St.,Horz,Rob Summers,Cleveland State,Associate Head Coach,
2025,Colorado St.,MWC,Ali Farokhmanesh,Colorado State,Associate Head Coach,
2025,Columbia,Ivy,Kevin Hovde,Columbia,Associate Head Coach,
2025,Denver,Sum,Tim Bergstraser,Minnesota State Moorhead,Head Coach (D-II),
2025,Drake,MVC,Eric Henderson,South Dakota State,Head Coach,
2025,Florida A&M,SWAC,Charlie Ward,Florida High School / NBA Legend,Head Coach,
2025,Florida St.,ACC,Luke Loucks,Sacramento Kings,NBA Assistant Coach,
2025,Fordham,A10,Mike Magpayo,UC Riverside,Head Coach,
2025,Grambling St.,SWAC,Patrick Crarey II,Florida A&M,Head Coach,
2025,High Point,BSth,Flynn Clayman,High Point,Associate Head Coach,
2025,IU Indy (IUPUI),Horz,Ben Howlett,West Liberty,Head Coach (D-II),
2025,Indiana,B10,Darian DeVries,West Virginia,Head Coach,
2025,Iona,MAAC,Dan Geriot,Cleveland Cavaliers,NBA Assistant Coach,
2025,Iowa,B10,Ben McCollum,Drake,Head Coach,
2025,La Salle,A10,Darris Nichols,Radford,Head Coach,
2025,Lipscomb,ASun,Kevin Carroll,Lipscomb,Associate Head Coach,
2025,Longwood,BSth,Ronnie Thomas,Longwood,Associate Head Coach,
2025,Louisiana,SB,Quannas White,Houston,Associate Head Coach,
2025,Louisiana Monroe,SB,Phil Cunningham,Western Kentucky / Troy,Assistant Coach / Former HC,
2025,Maryland,B10,Buzz Williams,Texas A&M,Head Coach,
2025,McNeese St.,Slnd,Bill Armstrong,McNeese State,Associate Head Coach,
2025,Miami FL,ACC,Jai Lucas,Duke,Associate Head Coach,
2025,Minnesota,B10,Niko Medved,Colorado State,Head Coach,
2025,Murray St.,MVC,Ryan Miller,Creighton,Assistant Coach,
2025,N.C. State,ACC,Will Wade,McNeese State,Head Coach,
2025,Navy,Pat,Jon Perry,Navy,Associate Head Coach,
2025,New Haven,NEC,Ted Hotaling,New Haven,Head Coach (Transition to D1),
2025,New Mexico,MWC,Eric Olen,UC San Diego,Head Coach,
2025,North Florida,ASun,Bobby Kennen,North Florida,Associate Head Coach,
2025,North Texas,Amer,Daniyal Robinson,Cleveland State,Head Coach,
2025,Oral Roberts,Sum,Kory Barnett,Oral Roberts,Associate Head Coach,
2025,Penn,Ivy,Fran McCaffery,Iowa,Head Coach,
2025,Radford,BSth,Zach Chu,Radford,Associate Head Coach,
2025,Sacramento St.,BSky,Mike Bibby,Phoenix High School / NBA Legend,Head Coach,
2025,Saint Francis,NEC,Luke McConnell,Saint Francis,Associate Head Coach,
2025,Saint Joseph's,A10,Steve Donahue,Penn,Head Coach,
2025,Samford,SC,Lenny Acuff,Lipscomb,Head Coach,
2025,South Dakota St.,Sum,Bryan Petersen,South Dakota State,Associate Head Coach,
2025,South Florida,Amer,Bryan Hodgson,Arkansas State,Head Coach,
2025,Stephen F. Austin,Slnd,Matt Braeuer,Stephen F. Austin,Associate Head Coach,
2025,Tennessee St.,OVC,Nolan Smith,Louisville / Duke,Assistant Coach,
2025,Texas,SEC,Sean Miller,Xavier,Head Coach,
2025,Texas A&M,SEC,Bucky McMillan,Samford,Head Coach,
2025,UC Riverside,BW,Gus Argenal,UC Riverside,Associate Head Coach,
2025,UC San Diego,BW,Clint Allard,UC San Diego,Associate Head Coach,
2025,UNLV,MWC,Josh Pastner,Georgia Tech / Memphis,Former Head Coach,
2025,Utah,B12,Alex Jensen,Dallas Mavericks,NBA Assistant Coach,
2025,VCU,A10,Phil Martelli Jr.,Bryant,Head Coach,
2025,Villanova,BE,Kevin Willard,Maryland,Head Coach,
2025,Virginia,ACC,Ryan Odom,VCU,Head Coach,
2025,West Virginia,B12,Ross Hodge,North Texas,Head Coach,
2025,Wofford,SC,Kevin Giltner,Wofford,Associate Head Coach,
2025,Xavier,BE,Richard Pitino,New Mexico,Head Coach,
2026,Akron,MAC,Dustin Ford,Akron,Associate Head Coach,
2026,Alabama St.,SWAC,Vacant,TBD,TBD,
2026,Arizona St.,B12,Randy Bennett,Saint Mary's,Head Coach,
2026,Ball St.,MAC,Chris Capko,USC,Associate Head Coach,
2026,Belmont,MVC,Evan Bradds,Belmont,Assistant Coach,
2026,Boston College,ACC,Luke Murray,UConn,Assistant Coach,
2026,Brown,Ivy,Vacant,TBD,TBD,
2026,Butler,BE,Ronald Nored,Atlanta Hawks,NBA Assistant Coach / Former Butler Player,
2026,Cal Baptist,BW,Kyle Getter,Virginia,Associate Head Coach,
2026,Cal St. Bakersfield,BW,Todd Lee,Cal State Bakersfield,Associate Head Coach / Former USD HC,
2026,Campbell,CAA,Jimmie Williams,Campbell,Associate Head Coach,
2026,Charleston,CAA,John Groce,Akron,Head Coach,
2026,Charlotte,Amer,Wes Miller,Cincinnati,Head Coach,
2026,Cincinnati,B12,Jerrod Calhoun,Utah State,Head Coach,
2026,Creighton,BE,Alan Huss,High Point,Head Coach,
2026,Dartmouth,Ivy,Brett MacConnell,Princeton,Associate Head Coach,
2026,Eastern Michigan,MAC,Billy Donlon,Clemson,Associate Head Coach / Former Wright St HC,
2026,FIU,CUSA,Joey Cantens,Florida Gulf Coast,Assistant Coach,
2026,Georgia St.,SB,Jon Cremins,Georgia State,Associate Head Coach,
2026,Georgia Tech,ACC,Scott Cross,Troy,Head Coach,
2026,Jackson St.,SWAC,Trey Johnson,Jackson State,Associate Head Coach,
2026,Kansas St.,B12,Casey Alexander,Belmont,Head Coach,
2026,LSU,SEC,Will Wade,NC State / McNeese State,Head Coach,
2026,Lamar,Slnd,Jordan Fee,Gannon,Head Coach (D-II),
2026,Little Rock,UAC,Travis Ford,Saint Louis,Former Head Coach,
2026,Louisiana Monroe,SB,Ryan Cross,Louisiana Monroe,Associate Head Coach,
2026,Michigan,B10,Mike Boynton,Michigan / Oklahoma State,Assistant Coach / Former HC,
2026,Mississippi Valley St.,SWAC,Mike Davis,Detroit Mercy / Indiana,Former Head Coach,
2026,N.C. State,ACC,Justin Gainey,Penn State,Associate Head Coach,
2026,North Carolina,ACC,Michael Malone,Denver Nuggets,NBA Head Coach,
2026,Northern Illinois,Horz,Matt Majkrzak,Northern Michigan,Head Coach (D-II),
2026,Northern Iowa,MVC,Kyle Green,Northern Iowa,Associate Head Coach,
2026,Oregon St.,P12,Justin Joyner,Saint Mary's,Associate Head Coach,
2026,Pepperdine,WCC,Griff Aldrich,Longwood,Head Coach,
2026,Providence,BE,Bryan Hodgson,South Florida / Arkansas State,Head Coach,
2026,Saint Mary's,WCC,Mickey McConnell,Saint Mary's,Associate Head Coach / Former Player,
2026,San Diego,WCC,JR Blount,Iowa State,Assistant Coach,
2026,Siena,MAAC,Nevada Smith,Chicago Bulls / G League,Assistant Coach,
2026,South Florida,Amer,Chris Mack,Charleston / Louisville,Head Coach,
2026,St. Bonaventure,A10,Mike MacDonald,Daemen,Head Coach (D-II),
2026,Syracuse,ACC,Gerry McNamara,Siena,Head Coach,
2026,Tarleton St.,WAC,Eric Haut,Tarleton State,Associate Head Coach,
2026,Tennessee Tech,SC,Tobin Anderson,Iona / FDU,Head Coach,
2026,Texas Southern,SWAC,Vacant,TBD,TBD,
2026,Troy,SB,Adam Howard,Troy,Associate Head Coach,
2026,UMKC,Sum,Mark Turgeon,Maryland / Texas A&M,Former Head Coach,
2026,UNC Greensboro,SC,Jerod Haase,Stanford / UAB,Former Head Coach,
2026,UT Rio Grande Valley,Slnd,Brandon Chambers,UT Rio Grande Valley,Associate Head Coach,
2026,Utah St.,P12,Ben Jacobson,Northern Iowa,Head Coach,
2026,Wagner,NEC,Vacant,TBD,TBD,
2026,Weber St.,BSky,Kaleb Canales,Texas A&M / NBA Assistant,Assistant Coach,
2026,Western Michigan,MAC,Kahil Fennel,UT Rio Grande Valley,Head Coach,